Year,GrandPrix,Driver,FP1_best,FP1_mean,FP1_std,FP2_best,FP2_mean,FP2_std,FP3_best,FP3_mean,FP3_std,track_evolution,AirTemp,TrackTemp,Humidity,Rainfall,Team,quali_best,Driver_enc,Team_enc,GrandPrix_enc
2023,Australian Grand Prix,ALB,79.766,80.58166666666666,0.9828234158111335,81.182,81.182,,78.553,79.34283333333333,0.9385106108439433,1.213000000000008,15.20421052631579,22.71263157894737,53.4,1,Williams,77.609,0,9,0
2023,Australian Grand Prix,ALO,79.317,82.2088888888889,1.7737770043359795,78.887,79.65700000000001,1.0889444430272877,77.727,79.889875,2.2785489390963605,1.5899999999999892,15.20421052631579,22.71263157894737,53.4,1,Aston Martin,77.139,1,3,0
2023,Australian Grand Prix,BOT,80.419,81.69099999999999,0.8525894674460857,80.312,81.489,1.4965778741292874,78.809,79.9065,0.8514948619927218,1.6099999999999994,15.20421052631579,22.71263157894737,53.4,1,Alfa Romeo,78.714,2,0,0
2023,Australian Grand Prix,DEV,79.933,81.472,1.0703870016649708,80.6,80.896,0.5031908186761784,79.092,80.08066666666667,1.0431980956015348,0.8410000000000082,15.20421052631579,22.71263157894737,53.4,1,AlphaTauri,78.335,3,1,0
2023,Australian Grand Prix,GAS,79.646,81.3982,1.718447031479295,80.206,80.944,0.8518196209683501,78.094,79.64571428571428,1.838121116274778,1.5520000000000067,15.20421052631579,22.71263157894737,53.4,1,Alpine,77.574,4,2,0
2023,Australian Grand Prix,HAM,79.223,80.33940000000001,1.0464966794022816,80.323,80.776,0.3991353154006813,78.138,79.71755555555555,1.3760576033646903,1.0849999999999937,15.20421052631579,22.71263157894737,53.4,1,Mercedes,77.104,5,7,0
2023,Australian Grand Prix,HUL,79.806,82.09514285714285,1.7681262613825068,80.194,80.798,0.8541849916733483,78.41,80.1836,1.7790801836904355,1.3960000000000008,15.20421052631579,22.71263157894737,53.39999999999999,1,Haas F1 Team,77.412,6,5,0
2023,Australian Grand Prix,LEC,79.378,81.42542857142858,1.5714829362890375,79.332,79.81766666666667,0.4276801764558872,78.691,80.59514285714285,1.9358508403775534,0.6869999999999976,15.20421052631579,22.71263157894737,53.4,1,Ferrari,77.369,8,4,0
2023,Australian Grand Prix,MAG,81.147,82.6195,1.3948986821032294,81.266,81.266,,79.056,79.95039999999999,0.8660752276794451,2.091000000000008,15.20421052631579,22.71263157894737,53.4,1,Haas F1 Team,78.129,9,5,0
2023,Australian Grand Prix,NOR,79.536,80.26,0.7263002134104021,80.176,80.83433333333333,1.0380791556202906,79.146,81.250625,1.0389704983437078,0.39000000000000057,15.20421052631579,22.71263157894737,53.4,1,McLaren,78.119,10,6,0
2023,Australian Grand Prix,OCO,80.175,81.862,1.6267663806284118,79.725,80.16799999999999,0.5647981940481086,77.938,79.55877777777778,1.3993287478089058,2.2369999999999948,15.20421052631579,22.71263157894737,53.4,1,Alpine,77.768,11,2,0
2023,Australian Grand Prix,PIA,79.777,81.16533333333332,1.0603842070997964,80.38,80.86433333333333,0.7089050241981181,78.713,80.11449999999999,1.127834232303468,1.0640000000000072,15.20421052631579,22.71263157894737,53.4,1,McLaren,78.517,13,6,0
2023,Australian Grand Prix,RUS,79.699,81.54755555555555,1.787988891961516,79.672,81.27733333333333,1.5800560327617093,77.955,80.2903,1.5260676444887877,1.7439999999999998,15.20421052631579,22.71263157894737,53.4,1,Mercedes,76.968,15,7,0
2023,Australian Grand Prix,SAI,79.505,81.397875,1.5639140858298908,79.695,80.03649999999999,0.4829539315504169,78.127,79.4165,1.6899271877805877,1.3780000000000001,15.20421052631579,22.71263157894737,53.4,1,Ferrari,77.27,16,4,0
2023,Australian Grand Prix,SAR,80.074,81.42299999999999,1.2739764519016823,,,,78.947,79.337,0.5484774380045201,1.1269999999999953,15.20421052631579,22.71263157894737,53.4,1,Williams,78.557,17,9,0
2023,Australian Grand Prix,STR,79.766,82.61585714285715,1.765482410803671,80.579,81.48566666666666,1.0413401621628475,78.198,80.11124999999998,2.0866570496507424,1.568000000000012,15.20421052631579,22.71263157894737,53.4,1,Aston Martin,77.308,18,3,0
2023,Australian Grand Prix,TSU,80.399,82.12519999999999,1.7525563329034506,80.22,81.80825,1.3115338030972226,78.901,80.078125,0.811322982629519,1.4980000000000047,15.20421052631579,22.71263157894737,53.39999999999999,1,AlphaTauri,78.099,19,1,0
2023,Australian Grand Prix,VER,78.79,79.668,1.0967673712627801,79.502,79.6305,0.18172644276494626,77.565,79.91883333333332,2.429629635698962,1.2250000000000085,15.20421052631579,22.71263157894737,53.4,1,Red Bull Racing,76.732,20,8,0
2023,Australian Grand Prix,ZHO,80.569,81.8826,1.2916767397456648,80.47,81.25233333333333,0.8169616474066146,78.33,80.20083333333334,1.1936246339057626,2.2390000000000043,15.20421052631579,22.71263157894737,53.4,1,Alfa Romeo,78.54,21,0,0
2023,Austrian Grand Prix,ALB,66.794,68.1978,1.7023882342168635,,,,,,,,26.700000000000014,39.60941176470589,41.57647058823529,0,Williams,65.34,0,9,1
2023,Austrian Grand Prix,ALO,66.656,68.98716666666667,1.4078695596431154,,,,,,,,26.70000000000001,39.60941176470588,41.576470588235296,0,Aston Martin,64.911,1,3,1
2023,Austrian Grand Prix,BOT,66.847,67.89742857142856,1.1398346162408635,,,,,,,,26.70000000000001,39.60941176470588,41.576470588235296,0,Alfa Romeo,65.513,2,0,1
2023,Austrian Grand Prix,DEV,67.017,68.04388888888889,0.9516310267698912,,,,,,,,26.700000000000006,39.60941176470588,41.576470588235296,0,AlphaTauri,65.974,3,1,1
2023,Austrian Grand Prix,GAS,67.287,68.2801,0.869208893189662,,,,,,,,26.700000000000014,39.60941176470589,41.57647058823529,0,Alpine,65.084,4,2,1
2023,Austrian Grand Prix,HAM,66.251,68.20855555555555,1.60645410073795,,,,,,,,26.700000000000014,39.60941176470589,41.57647058823529,0,Mercedes,64.819,5,7,1
2023,Austrian Grand Prix,HUL,66.846,68.67474999999999,1.2022271891309508,,,,,,,,26.700000000000014,39.60941176470589,41.57647058823529,0,Haas F1 Team,65.09,6,5,1
2023,Austrian Grand Prix,LEC,66.012,68.22133333333333,1.1586527704296221,,,,,,,,26.70000000000001,39.60941176470588,41.576470588235296,0,Ferrari,64.439,8,4,1
2023,Austrian Grand Prix,MAG,66.497,68.64349999999999,1.465324025599799,,,,,,,,26.700000000000006,39.60941176470588,41.576470588235296,0,Haas F1 Team,65.793,9,5,1
2023,Austrian Grand Prix,NOR,67.368,68.79785714285714,0.7488503251810817,,,,,,,,26.700000000000014,39.60941176470589,41.57647058823529,0,McLaren,64.658,10,6,1
2023,Austrian Grand Prix,OCO,67.202,68.70363636363638,1.2587161135639178,,,,,,,,26.70000000000001,39.60941176470588,41.576470588235296,0,Alpine,65.295,11,2,1
2023,Austrian Grand Prix,PER,66.262,67.00333333333333,0.5045705764971495,,,,,,,,26.700000000000014,39.60941176470589,41.57647058823529,0,Red Bull Racing,64.99,12,8,1
2023,Austrian Grand Prix,PIA,66.809,68.56294444444444,1.1065011348561313,,,,,,,,26.700000000000014,39.60941176470589,41.57647058823529,0,McLaren,65.213,13,6,1
2023,Austrian Grand Prix,RUS,66.696,68.96946666666666,1.11215761130379,,,,,,,,26.700000000000014,39.60941176470589,41.57647058823529,0,Mercedes,65.408,15,7,1
2023,Austrian Grand Prix,SAI,65.983,68.51541666666667,0.9488181604054322,,,,,,,,26.70000000000001,39.60941176470588,41.576470588235296,0,Ferrari,64.581,16,4,1
2023,Austrian Grand Prix,SAR,67.018,68.67566666666669,1.2182158538890677,,,,,,,,26.700000000000006,39.60941176470588,41.576470588235296,0,Williams,65.948,17,9,1
2023,Austrian Grand Prix,STR,66.34,67.79281818181818,1.162386236857768,,,,,,,,26.70000000000001,39.60941176470588,41.576470588235296,0,Aston Martin,64.893,18,3,1
2023,Austrian Grand Prix,TSU,66.985,67.71166666666667,0.7672810871295269,,,,,,,,26.700000000000006,39.60941176470588,41.576470588235296,0,AlphaTauri,65.784,19,1,1
2023,Austrian Grand Prix,VER,65.742,66.77066666666667,0.8351099727979904,,,,,,,,26.700000000000014,39.60941176470589,41.57647058823529,0,Red Bull Racing,64.391,20,8,1
2023,Austrian Grand Prix,ZHO,66.78,67.55242857142856,0.7679721907167516,,,,,,,,26.700000000000006,39.60941176470588,41.576470588235296,0,Alfa Romeo,65.818,21,0,1
2023,Azerbaijan Grand Prix,ALB,103.628,105.66409090909089,1.3575022986754337,,,,,,,,19.461320754716983,33.08584905660377,80.62264150943396,0,Williams,101.818,0,9,2
2023,Azerbaijan Grand Prix,ALO,103.56,105.72928571428572,1.4333912834353972,,,,,,,,19.461320754716983,33.08584905660377,80.62264150943396,0,Aston Martin,101.253,1,3,2
2023,Azerbaijan Grand Prix,BOT,104.01,106.77487500000001,2.1131688079077553,,,,,,,,19.461320754716983,33.08584905660377,80.62264150943396,0,Alfa Romeo,102.259,2,0,2
2023,Azerbaijan Grand Prix,GAS,106.321,107.25233333333334,0.9836184897272627,,,,,,,,19.461320754716983,33.08584905660377,80.62264150943396,0,Alpine,104.853,4,2,2
2023,Azerbaijan Grand Prix,HAM,103.798,106.3921,1.4156681539902713,,,,,,,,19.461320754716983,33.08584905660377,80.62264150943396,0,Mercedes,101.177,5,7,2
2023,Azerbaijan Grand Prix,HUL,104.323,106.62942857142858,1.8150839151531328,,,,,,,,19.461320754716983,33.08584905660377,80.62264150943396,0,Haas F1 Team,102.755,6,5,2
2023,Azerbaijan Grand Prix,LEC,102.352,105.27766666666668,2.046627836222305,,,,,,,,19.461320754716983,33.08584905660377,80.62264150943396,0,Ferrari,100.203,8,4,2
2023,Azerbaijan Grand Prix,MAG,107.498,108.44900000000001,1.3449170978168141,,,,,,,,19.461320754716983,33.08584905660377,80.62264150943396,0,Haas F1 Team,103.417,9,5,2
2023,Azerbaijan Grand Prix,NOR,103.125,106.33800000000001,1.7527835006069639,,,,,,,,19.461320754716983,33.08584905660377,80.62264150943396,0,McLaren,101.281,10,6,2
2023,Azerbaijan Grand Prix,OCO,105.955,107.51566666666666,1.5054332709666478,,,,,,,,19.461320754716983,33.08584905660377,80.62264150943396,0,Alpine,101.798,11,2,2
2023,Azerbaijan Grand Prix,PER,102.454,105.77720000000002,2.681737073863383,,,,,,,,19.461320754716983,33.08584905660377,80.62264150943396,0,Red Bull Racing,100.495,12,8,2
2023,Azerbaijan Grand Prix,PIA,103.98,106.6901,1.8428060397122634,,,,,,,,19.461320754716983,33.08584905660377,80.62264150943396,0,McLaren,101.611,13,6,2
2023,Azerbaijan Grand Prix,RUS,105.082,107.908875,1.39496230747849,,,,,,,,19.461320754716983,33.08584905660377,80.62264150943396,0,Mercedes,101.654,15,7,2
2023,Azerbaijan Grand Prix,SAI,102.899,105.298375,2.0061190633730024,,,,,,,,19.461320754716983,33.08584905660377,80.62264150943396,0,Ferrari,101.016,16,4,2
2023,Azerbaijan Grand Prix,SAR,104.9,106.99571428571427,1.0691675444453186,,,,,,,,19.461320754716983,33.08584905660377,80.62264150943396,0,Williams,102.242,17,9,2
2023,Azerbaijan Grand Prix,STR,103.455,106.275,2.1128438519817676,,,,,,,,19.461320754716983,33.08584905660377,80.62264150943396,0,Aston Martin,101.576,18,3,2
2023,Azerbaijan Grand Prix,TSU,104.137,105.85916666666667,1.8914787248781457,,,,,,,,19.461320754716983,33.08584905660377,80.62264150943396,0,AlphaTauri,101.569,19,1,2
2023,Azerbaijan Grand Prix,VER,102.315,105.6662,2.4860961722704484,,,,,,,,19.461320754716983,33.08584905660377,80.62264150943396,0,Red Bull Racing,100.391,20,8,2
2023,Azerbaijan Grand Prix,ZHO,103.748,106.84611111111111,2.033666851062656,,,,,,,,19.461320754716983,33.08584905660377,80.62264150943396,0,Alfa Romeo,102.642,21,0,2
2023,Bahrain Grand Prix,ALB,96.018,96.7722,0.6880241274839141,92.44,92.86833333333334,0.3977365124467874,93.882,94.09899999999999,0.2648962060883457,2.1359999999999957,23.879999999999995,28.08526315789472,21.652631578947368,0,Williams,91.461,0,9,3
2023,Bahrain Grand Prix,ALO,93.196,95.46525,1.3858903017812896,90.907,94.47550000000001,2.4283219955940183,92.34,92.70533333333333,0.3929253533857672,0.8559999999999945,23.879999999999995,28.08526315789472,21.652631578947368,0,Aston Martin,90.336,1,3,3
2023,Bahrain Grand Prix,BOT,94.689,96.792,1.631610554023235,91.793,93.28999999999999,1.0187745089076359,93.629,93.95266666666667,0.36998963949457986,1.059999999999988,23.879999999999995,28.08526315789472,21.652631578947368,0,Alfa Romeo,91.443,2,0,3
2023,Bahrain Grand Prix,DEV,95.402,97.161,1.4465305043447902,92.605,93.73880000000001,0.9111877962308319,94.082,94.7432,0.5111347180538638,1.3200000000000074,23.879999999999995,28.08526315789472,21.652631578947368,0,AlphaTauri,92.121,3,1,3
2023,Bahrain Grand Prix,GAS,95.455,96.09777777777778,0.3651642704926715,91.475,92.16233333333332,0.611035459963936,93.064,93.69433333333332,0.551935080723571,2.3910000000000053,23.879999999999995,28.08526315789472,21.652631578947368,0,Alpine,91.818,4,2,3
2023,Bahrain Grand Prix,HAM,94.917,95.13925,0.23795150066067564,91.543,93.151,2.181728214054171,92.555,94.59314285714287,1.7759094786025749,2.3619999999999948,23.879999999999995,28.08526315789472,21.652631578947368,0,Mercedes,90.384,5,7,3
2023,Bahrain Grand Prix,HUL,95.043,98.13586666666669,1.155662572272884,91.376,93.19633333333333,1.5789934557601304,93.423,95.01975,1.4385871251567186,1.6200000000000045,23.879999999999995,28.08526315789472,21.652631578947368,0,Haas F1 Team,90.809,6,5,3
2023,Bahrain Grand Prix,LEC,94.257,96.6694,1.8168935852162582,91.367,91.94900000000001,0.6416011221935303,92.624,93.46125,0.6076552613667292,1.6330000000000098,23.879999999999995,28.08526315789472,21.652631578947368,0,Ferrari,90.0,8,4,3
2023,Bahrain Grand Prix,MAG,94.402,97.94746153846152,1.429835574194029,92.11,93.25999999999999,1.2945284855884827,93.381,95.27499999999999,1.4084381420566539,1.0210000000000008,23.879999999999995,28.08526315789472,21.652631578947368,0,Haas F1 Team,91.892,9,5,3
2023,Bahrain Grand Prix,NOR,94.165,96.753,1.988918131380307,91.57,92.67666666666666,0.9650400682527878,93.202,94.5355,1.1456714188631947,0.9630000000000081,23.879999999999995,28.08526315789472,21.652631578947368,0,McLaren,91.381,10,6,3
2023,Bahrain Grand Prix,OCO,95.105,96.13800000000002,0.7252259418048057,91.608,92.12700000000001,0.39587455925667586,93.116,94.5895,1.4112011550448755,1.9890000000000043,23.879999999999995,28.08526315789472,21.652631578947368,0,Alpine,90.914,11,2,3
2023,Bahrain Grand Prix,PER,92.758,96.88477777777777,2.240381484132657,91.078,94.5935,2.8024501958108017,92.446,93.86366666666667,1.3346858556729153,0.3119999999999976,23.879999999999995,28.08526315789472,21.652631578947368,0,Red Bull Racing,89.846,12,8,3
2023,Bahrain Grand Prix,PIA,94.997,96.20266666666667,1.1716297765648231,92.024,93.52475000000001,1.332206033865133,93.045,93.92233333333333,0.8194719844713038,1.9519999999999982,23.879999999999995,28.08526315789472,21.652631578947368,0,McLaren,92.101,13,6,3
2023,Bahrain Grand Prix,RUS,94.966,96.39011111111111,1.1371990200097393,91.882,93.57425,2.3676450149181245,92.731,95.32866666666666,1.89105649483739,2.2349999999999994,23.879999999999995,28.08526315789472,21.652631578947368,0,Mercedes,90.34,15,7,3
2023,Bahrain Grand Prix,SAI,96.072,96.51133333333333,0.6679530921654098,91.956,92.18033333333334,0.38855673116461914,92.945,94.0925,1.522839781460943,3.1270000000000095,23.879999999999995,28.08526315789472,21.652631578947368,0,Ferrari,90.154,16,4,3
2023,Bahrain Grand Prix,SAR,95.749,96.1002,0.2764917720294807,92.749,93.12025,0.3842979529826683,93.665,95.011,1.7020342730587619,2.083999999999989,23.879999999999995,28.08526315789472,21.652631578947368,0,Williams,91.652,17,9,3
2023,Bahrain Grand Prix,STR,94.298,95.6012,1.3309424104746248,91.45,92.913,1.113222798904155,92.919,93.84575,0.6213481981412152,1.3790000000000049,23.879999999999995,28.08526315789472,21.652631578947368,0,Aston Martin,90.836,18,3,3
2023,Bahrain Grand Prix,TSU,95.015,96.52799999999998,1.1087281001219345,92.525,93.20125000000002,0.6991582438904647,93.475,93.83224999999999,0.37620860791144234,1.5400000000000063,23.879999999999995,28.08526315789472,21.652631578947368,0,AlphaTauri,91.4,19,1,3
2023,Bahrain Grand Prix,VER,93.375,97.79308333333334,1.6833203907393235,91.076,95.80136363636365,2.3066180556272124,92.345,93.02449999999999,0.9609581156325143,1.0300000000000011,23.879999999999995,28.08526315789472,21.652631578947368,0,Red Bull Racing,89.708,20,8,3
2023,Bahrain Grand Prix,ZHO,94.575,97.154,2.1031738872475585,91.586,93.3824,1.1322929391283865,93.18,93.82833333333333,0.5670734814231106,1.394999999999996,23.879999999999995,28.08526315789472,21.652631578947368,0,Alfa Romeo,91.473,21,0,3
2023,Belgian Grand Prix,ALO,130.283,130.283,,,,,,,,,19.25157894736842,23.644210526315774,88.67368421052633,1,Aston Martin,107.843,1,3,4
2023,Belgian Grand Prix,HAM,130.299,130.299,,,,,,,,,19.25157894736842,23.644210526315774,88.67368421052632,1,Mercedes,107.087,5,7,4
2023,Belgian Grand Prix,LEC,128.148,128.148,,,,,,,,,19.25157894736842,23.644210526315774,88.67368421052633,1,Ferrari,106.988,8,4,4
2023,Belgian Grand Prix,NOR,124.484,124.484,,,,,,,,,19.25157894736842,23.644210526315774,88.67368421052633,1,McLaren,107.669,10,6,4
2023,Belgian Grand Prix,PER,128.24,128.24,,,,,,,,,19.25157894736842,23.644210526315774,88.67368421052633,1,Red Bull Racing,107.045,12,8,4
2023,Belgian Grand Prix,PIA,123.792,123.792,,,,,,,,,19.25157894736842,23.644210526315774,88.67368421052633,1,McLaren,107.365,13,6,4
2023,Belgian Grand Prix,RUS,130.475,130.475,,,,,,,,,19.25157894736842,23.644210526315774,88.67368421052632,1,Mercedes,107.805,15,7,4
2023,Belgian Grand Prix,SAI,123.207,126.14399999999999,4.153545232689777,,,,,,,,19.25157894736842,23.644210526315774,88.67368421052633,1,Ferrari,107.152,16,4,4
2023,Belgian Grand Prix,STR,,,,,,,,,,,19.25157894736842,23.644210526315774,88.67368421052633,1,Aston Martin,108.841,18,3,4
2023,Belgian Grand Prix,TSU,129.067,129.5875,0.7360981592151937,,,,,,,,19.25157894736842,23.644210526315774,88.67368421052632,1,AlphaTauri,113.148,19,1,4
2023,Belgian Grand Prix,VER,,,,,,,,,,,19.25157894736842,23.644210526315774,88.67368421052633,1,Red Bull Racing,106.168,20,8,4
2023,British Grand Prix,ALB,89.089,90.46600000000001,1.0303305294904148,88.296,91.2487142857143,2.4261243245339323,87.592,88.84233333333333,1.1372142864620256,1.4969999999999999,21.29787234042553,22.92659574468086,78.3936170212766,1,Williams,87.53,0,9,5
2023,British Grand Prix,ALO,89.268,91.31266666666669,1.4686041899254787,89.134,91.72414285714287,2.352659164192116,87.784,88.66133333333333,0.7733183906602304,1.4839999999999947,21.29787234042553,22.926595744680856,78.3936170212766,1,Aston Martin,87.659,1,3,5
2023,British Grand Prix,BOT,90.09,91.24425,0.9799050609989861,89.378,90.773875,1.4492400409968555,89.586,89.91166666666668,0.3617268767085667,0.5040000000000049,21.29787234042553,22.926595744680856,78.3936170212766,1,Alfa Romeo,89.798,2,0,5
2023,British Grand Prix,DEV,89.691,92.44533333333332,1.7360448582913968,89.571,91.44442857142859,1.9114735901168718,88.504,89.59125,0.8651548512645928,1.1869999999999976,21.29787234042553,22.926595744680856,78.3936170212766,1,AlphaTauri,90.513,3,1,5
2023,British Grand Prix,GAS,89.828,92.25977777777778,1.8313767893157462,88.889,90.95414285714287,2.162976685694312,87.893,89.30475000000001,1.006357913468165,1.9350000000000023,21.29787234042553,22.92659574468086,78.3936170212766,1,Alpine,87.689,4,2,5
2023,British Grand Prix,HAM,89.768,91.51700000000001,1.1585999309511468,89.283,92.678,1.967908857830381,87.948,88.86899999999999,0.8765346541922936,1.8200000000000074,21.29787234042553,22.926595744680856,78.3936170212766,1,Mercedes,87.211,5,7,5
2023,British Grand Prix,HUL,90.591,92.218,1.3341584613530757,88.88,90.36233333333332,1.2895698249157879,,,,,21.29787234042553,22.926595744680856,78.3936170212766,1,Haas F1 Team,88.896,6,5,5
2023,British Grand Prix,LEC,89.28,92.27083333333333,1.9055105654788458,,,,87.419,88.16233333333332,0.7947102197237279,1.8610000000000042,21.29787234042553,22.926595744680856,78.3936170212766,1,Ferrari,87.136,8,4,5
2023,British Grand Prix,MAG,90.385,91.60625,0.9910403204041004,89.439,90.23400000000001,0.8752908088172757,89.207,90.625,2.0536209484712646,1.1780000000000115,21.29787234042553,22.926595744680856,78.3936170212766,1,Haas F1 Team,92.378,9,5,5
2023,British Grand Prix,NOR,89.441,91.85230769230769,1.22393017125266,89.26,92.29133333333334,2.096431397890378,88.563,89.20966666666668,0.7260009182730663,0.8780000000000001,21.29787234042553,22.926595744680856,78.3936170212766,1,McLaren,86.961,10,6,5
2023,British Grand Prix,OCO,89.319,91.79775,1.7081244308974006,89.242,90.58183333333334,1.7014037047880974,89.233,89.71366666666667,0.5078989400789629,0.08599999999999852,21.29787234042553,22.926595744680856,78.3936170212766,1,Alpine,88.956,11,2,5
2023,British Grand Prix,PER,89.048,90.12083333333334,1.133079241124235,88.342,92.6625,1.9176980491444193,88.904,90.65866666666666,2.3176801620010776,0.14400000000000546,21.29787234042553,22.926595744680856,78.3936170212766,1,Red Bull Racing,89.968,12,8,5
2023,British Grand Prix,PIA,89.658,90.7012,0.7493431790574993,88.926,90.59314285714287,1.6896844309487136,89.437,90.372,0.990567850612298,0.22100000000000364,21.29787234042553,22.92659574468086,78.3936170212766,1,McLaren,87.092,13,6,5
2023,British Grand Prix,RUS,89.874,91.58599999999998,1.0567613077409979,89.238,91.83259999999999,1.920651289999771,88.284,88.697,0.3831879434428969,1.5899999999999892,21.29787234042553,22.92659574468086,78.3936170212766,1,Mercedes,87.155,15,7,5
2023,British Grand Prix,SAI,89.357,92.7276923076923,1.5869613723830522,88.1,92.18719999999999,2.1709451500313066,87.964,88.348,0.6038277900196363,1.3930000000000007,21.29787234042553,22.926595744680856,78.3936170212766,1,Ferrari,87.148,16,4,5
2023,British Grand Prix,SAR,90.124,93.53515384615386,1.4971753875300138,88.766,91.10666666666667,1.6142383549732207,88.151,89.37725,0.8646584585835052,1.972999999999999,21.29787234042553,22.926595744680856,78.3936170212766,1,Williams,89.031,17,9,5
2023,British Grand Prix,STR,89.471,91.99441666666667,1.4731290419520018,88.866,92.7566923076923,1.8511079738278997,88.62,88.95633333333335,0.45573054904551735,0.8509999999999991,21.29787234042553,22.926595744680856,78.3936170212766,1,Aston Martin,88.935,18,3,5
2023,British Grand Prix,TSU,90.092,92.56469999999999,1.7361899569651547,89.483,90.95966666666668,1.698118213395835,88.337,89.39425,0.8872464426527693,1.7549999999999955,21.29787234042553,22.926595744680856,78.3936170212766,1,AlphaTauri,90.025,19,1,5
2023,British Grand Prix,VER,88.6,92.13591666666666,2.0500904839602185,88.078,92.5075,1.7822756903362718,88.266,90.19866666666667,2.8680378891035114,0.333999999999989,21.29787234042553,22.926595744680856,78.3936170212766,1,Red Bull Racing,86.72,20,8,5
2023,British Grand Prix,ZHO,90.321,91.14840000000001,0.8877180295566848,89.225,90.37633333333333,0.8661546436212565,,,,,21.29787234042553,22.926595744680856,78.3936170212766,1,Alfa Romeo,90.123,21,0,5
2023,Canadian Grand Prix,ALB,,,,75.003,77.64782608695654,0.8966095558559324,85.379,86.33833333333332,0.9304844616291688,,16.46629213483146,18.4561797752809,87.71910112359551,1,Williams,78.725,0,9,6
2023,Canadian Grand Prix,ALO,79.807,79.807,,74.044,76.25282352941177,1.25718585714753,84.483,85.58716666666665,1.2873966625196227,-4.676000000000002,16.46629213483146,18.4561797752809,87.71910112359551,1,Aston Martin,79.776,1,3,6
2023,Canadian Grand Prix,BOT,78.728,78.728,,74.22,77.22272222222222,1.3988002761003095,84.988,86.95800000000001,1.4088365176035629,-6.260000000000005,16.46629213483146,18.4561797752809,87.71910112359551,1,Alfa Romeo,81.821,2,0,6
2023,Canadian Grand Prix,DEV,,,,75.002,76.66486666666668,1.1938746564183764,85.725,86.9442,1.3137197950856978,,16.46629213483146,18.4561797752809,87.71910112359551,1,AlphaTauri,83.137,3,1,6
2023,Canadian Grand Prix,GAS,,,,74.477,77.17326086956521,1.1266991700373468,84.825,86.3962,1.384767561722903,,16.46629213483146,18.4561797752809,87.71910112359551,1,Alpine,82.886,4,2,6
2023,Canadian Grand Prix,HAM,,,,73.718,77.57554545454545,1.7674659466952318,85.087,86.821,1.6472919190801225,,16.46629213483146,18.4561797752809,87.71910112359551,1,Mercedes,80.426,5,7,6
2023,Canadian Grand Prix,HUL,,,,76.369,76.87733333333334,0.5050330022219696,85.14,86.42224999999999,1.1884744773588256,,16.46629213483146,18.4561797752809,87.71910112359551,1,Haas F1 Team,80.305,6,5,6
2023,Canadian Grand Prix,LEC,,,,74.094,76.88261111111109,1.3431238889416541,83.397,85.03083333333333,1.2577928949817894,,16.46629213483146,18.4561797752809,87.71910112359551,1,Ferrari,80.615,8,4,6
2023,Canadian Grand Prix,MAG,84.045,84.045,,74.544,77.30145454545455,1.5498793736053391,84.715,86.54914285714285,1.3035091648535264,-0.6700000000000017,16.46629213483146,18.4561797752809,87.71910112359551,1,Haas F1 Team,81.678,9,5,6
2023,Canadian Grand Prix,NOR,,,,74.617,77.28594444444444,1.10232921698301,85.198,86.94222222222221,1.2452211427872746,,16.46629213483146,18.4561797752809,87.71910112359551,1,McLaren,79.347,10,6,6
2023,Canadian Grand Prix,OCO,,,,75.092,76.4587142857143,1.0068408868478544,86.84,86.84,,,16.46629213483146,18.4561797752809,87.71910112359551,1,Alpine,80.406,11,2,6
2023,Canadian Grand Prix,PER,80.154,80.154,,74.25,77.2403076923077,1.3496974589770958,85.857,86.94975,1.320963631848607,-5.703000000000003,16.46629213483146,18.4561797752809,87.71910112359551,1,Red Bull Racing,80.959,12,8,6
2023,Canadian Grand Prix,PIA,81.496,81.496,,74.533,77.30076470588234,1.3748213760981722,85.191,86.78866666666667,1.3497638682376998,-3.6950000000000074,16.46629213483146,18.4561797752809,87.71910112359551,1,McLaren,79.659,13,6,6
2023,Canadian Grand Prix,RUS,,,,73.745,77.54093333333331,1.7513492947955729,85.435,86.76700000000001,1.308705772891676,,16.46629213483146,18.4561797752809,87.71910112359551,1,Mercedes,80.098,15,7,6
2023,Canadian Grand Prix,SAI,,,,73.844,77.27145454545453,1.4451303690497221,84.765,86.7852,1.5070541463398066,,16.46629213483146,18.4561797752809,87.7191011235955,1,Ferrari,79.856,16,4,6
2023,Canadian Grand Prix,SAR,,,,75.426,77.01275,1.308230293182358,87.279,87.68966666666665,0.36209022816603725,,16.46629213483146,18.4561797752809,87.71910112359551,1,Williams,83.337,17,9,6
2023,Canadian Grand Prix,STR,79.175,79.175,,74.419,75.89925,1.365884470357443,84.944,86.59249999999999,1.3957191336368489,-5.7690000000000055,16.46629213483146,18.4561797752809,87.71910112359551,1,Aston Martin,81.484,18,3,6
2023,Canadian Grand Prix,TSU,,,,74.941,77.09450000000001,1.0445917107201566,84.955,86.15728571428572,1.0493940655263416,,16.46629213483146,18.4561797752809,87.71910112359551,1,AlphaTauri,82.746,19,1,6
2023,Canadian Grand Prix,VER,80.231,80.231,,74.142,76.77381249999999,1.3515366177675943,83.106,84.37,1.3069614888485965,-2.875,16.46629213483146,18.4561797752809,87.71910112359551,1,Red Bull Racing,79.092,20,8,6
2023,Canadian Grand Prix,ZHO,,,,74.811,76.17063636363638,1.0050565429593763,86.75,88.02071428571428,0.7721704721725903,,16.46629213483146,18.4561797752809,87.71910112359551,1,Alfa Romeo,83.342,21,0,6
2023,Dutch Grand Prix,ALB,72.447,75.45775000000002,1.2182987486282217,71.599,72.6055,0.9897098901530018,82.75,85.07716666666666,1.666217922922048,-10.302999999999997,17.963,22.432,77.91,1,Williams,71.419,0,9,7
2023,Dutch Grand Prix,ALO,72.13,74.58488888888888,1.5794239807952517,71.863,73.58471428571428,1.6710544290243519,82.634,84.4015,1.4926005270444351,-10.504000000000005,17.963,22.432,77.91,1,Aston Martin,71.506,1,3,7
2023,Dutch Grand Prix,LEC,73.519,75.78169999999999,1.1525217809462651,71.915,73.05875,0.7895924581706637,83.093,84.74666666666667,2.1957960591396737,-9.573999999999998,17.963,22.432,77.91,1,Ferrari,72.665,8,4,7
2023,Dutch Grand Prix,NOR,72.46,73.61979999999998,0.9976114975279716,71.33,74.7317,2.0400767986633372,83.158,84.5025,1.2769381739144587,-10.698000000000008,17.963,22.432,77.91,1,McLaren,71.104,10,6,7
2023,Dutch Grand Prix,PER,72.323,75.2176923076923,1.6093906913599016,71.817,74.47466666666666,2.094165466241865,82.631,84.55016666666667,1.373005231842423,-10.308000000000007,17.963,22.432,77.91,1,Red Bull Racing,71.88,12,8,7
2023,Dutch Grand Prix,PIA,72.658,74.166875,1.183565730868261,72.901,73.743,1.1907678195181444,82.892,83.94333333333333,1.1783357189980568,-10.233999999999995,17.963,22.432,77.91,1,McLaren,71.938,13,6,7
2023,Dutch Grand Prix,RUS,72.813,74.081625,0.8292247562805706,72.009,74.387125,1.952786758711764,82.01,84.28575000000001,1.6367650804472322,-9.197000000000003,17.963,22.432,77.91,1,Mercedes,71.294,15,7,7
2023,Dutch Grand Prix,SAI,,,,72.093,73.1002,0.8975150138019942,83.438,85.2615,1.5085900370876086,,17.963,22.432,77.91,1,Ferrari,71.754,16,4,7
2023,Dutch Grand Prix,VER,71.852,75.14,1.928519337038996,71.353,74.759,2.072171646686958,81.631,83.87875,2.0207068688951417,-9.778999999999996,17.963,22.432,77.91,1,Red Bull Racing,70.567,20,8,7
2023,Hungarian Grand Prix,ALB,,,,78.377,79.81679999999999,1.8502292290416387,78.592,79.68549999999999,1.3095125047131089,,26.25897435897436,43.86282051282052,34.5,0,Williams,78.917,0,9,8
2023,Hungarian Grand Prix,ALO,,,,78.105,79.60260000000001,1.3516979322319,78.35,79.02733333333333,0.48383082442798925,,26.258974358974367,43.86282051282052,34.5,0,Aston Martin,77.035,1,3,8
2023,Hungarian Grand Prix,BOT,101.032,102.75175,1.4695537587989087,78.085,80.19833333333334,2.1534803226405375,78.489,78.98280000000001,0.3456728221888436,22.542999999999992,26.258974358974367,43.86282051282052,34.5,0,Alfa Romeo,77.034,2,0,8
2023,Hungarian Grand Prix,GAS,,,,77.918,79.37950000000001,1.0152406939571816,78.776,79.2065,0.2780005395678223,,26.258974358974363,43.86282051282052,34.5,0,Alpine,78.045,4,2,8
2023,Hungarian Grand Prix,HAM,,,,78.746,80.1275,2.0065310862281707,77.811,78.8525,0.753786220799148,,26.258974358974367,43.86282051282052,34.5,0,Mercedes,76.609,5,7,8
2023,Hungarian Grand Prix,HUL,,,,78.058,79.503,1.3740724143945247,78.077,80.62033333333333,1.5897817460267956,,26.258974358974367,43.86282051282052,34.5,0,Haas F1 Team,77.186,6,5,8
2023,Hungarian Grand Prix,LEC,,,,77.686,80.4054,2.5083326733110956,78.19,79.27733333333333,0.9758362225974877,,26.258974358974367,43.86282051282052,34.5,0,Ferrari,76.992,8,4,8
2023,Hungarian Grand Prix,MAG,,,,78.504,79.373,0.8110088367788196,78.649,80.9738888888889,1.6320631455648722,,26.25897435897436,43.86282051282052,34.5,0,Haas F1 Team,79.206,9,5,8
2023,Hungarian Grand Prix,NOR,,,,77.701,79.5586,2.0236848321811376,78.082,80.18583333333333,1.9717404917145338,,26.258974358974367,43.86282051282052,34.5,0,McLaren,76.694,10,6,8
2023,Hungarian Grand Prix,OCO,,,,78.045,79.954,1.6779468406358997,78.979,79.13916666666667,0.18865462270155609,,26.258974358974363,43.86282051282052,34.5,0,Alpine,77.841,11,2,8
2023,Hungarian Grand Prix,PER,,,,78.978,79.045,0.06378871373527341,78.067,78.233,0.2814800170527274,,26.258974358974363,43.86282051282052,34.5,0,Red Bull Racing,77.045,12,8,8
2023,Hungarian Grand Prix,PIA,99.154,102.0284,2.3603000444858684,79.117,79.29599999999999,0.2010290194640199,78.598,79.792,1.4976066620730946,20.555999999999997,26.258974358974367,43.86282051282052,34.5,0,McLaren,76.905,13,6,8
2023,Hungarian Grand Prix,RIC,,,,78.385,79.70166666666667,1.1522320368166579,78.828,79.79025,0.6564603948449598,,26.258974358974363,43.86282051282052,34.5,0,AlphaTauri,78.002,14,1,8
2023,Hungarian Grand Prix,RUS,98.795,101.19,2.1955112388689795,79.175,79.71433333333333,0.6123531116384832,78.119,79.70057142857142,1.357778560387378,20.676000000000002,26.258974358974363,43.86282051282052,34.5,0,Mercedes,79.027,15,7,8
2023,Hungarian Grand Prix,SAI,,,,78.182,79.07466666666666,0.9305720462883746,78.234,79.00166666666667,1.167315010326405,,26.258974358974363,43.86282051282052,34.5,0,Ferrari,77.703,16,4,8
2023,Hungarian Grand Prix,SAR,,,,78.836,79.37575,0.6158703191419412,78.814,79.25475,0.6239702850830888,,26.25897435897436,43.86282051282052,34.5,0,Williams,79.248,17,9,8
2023,Hungarian Grand Prix,STR,,,,78.319,79.68083333333334,1.0276544977114939,78.536,79.45439999999999,0.7744077091558437,,26.258974358974367,43.86282051282052,34.5,0,Aston Martin,77.861,18,3,8
2023,Hungarian Grand Prix,TSU,,,,77.934,79.2118,1.048213098563458,79.156,79.84660000000001,0.7091623932499488,,26.25897435897436,43.86282051282052,34.5,0,AlphaTauri,78.919,19,1,8
2023,Hungarian Grand Prix,VER,,,,78.279,79.67750000000001,2.297689926861322,78.061,79.90866666666666,2.846765591567616,,26.258974358974367,43.86282051282052,34.5,0,Red Bull Racing,76.612,20,8,8
2023,Hungarian Grand Prix,ZHO,,,,78.108,80.545625,2.1707904378359495,78.544,79.43419999999999,0.5607724137294922,,26.258974358974363,43.86282051282052,34.5,0,Alfa Romeo,76.971,21,0,8
2023,Italian Grand Prix,ALB,83.444,85.9738888888889,1.4479157817743096,81.979,83.71242857142856,1.961620916244428,82.054,82.378,0.3782203943029299,1.3900000000000006,28.179746835443044,39.426582278481014,40.848101265822784,0,Williams,80.76,0,9,9
2023,Italian Grand Prix,ALO,83.214,85.8065,1.5028165593681462,82.071,84.26899999999999,2.258208914161842,81.711,82.80475,1.0485499851836237,1.5030000000000001,28.179746835443048,39.42658227848101,40.848101265822784,0,Aston Martin,81.417,1,3,9
2023,Italian Grand Prix,BOT,83.952,84.42120000000001,0.6163957332753055,82.595,84.027,1.6904829191683681,82.511,83.1365,0.46679877891871385,1.4410000000000025,28.179746835443048,39.42658227848101,40.848101265822784,0,Alfa Romeo,81.94,2,0,9
2023,Italian Grand Prix,GAS,83.931,86.64684615384616,1.49046334217215,82.651,84.22071428571428,1.7701011943093072,82.852,83.16066666666666,0.42506924926024425,1.0789999999999935,28.179746835443048,39.42658227848101,40.848101265822784,0,Alpine,82.545,4,2,9
2023,Italian Grand Prix,HAM,83.269,85.05476923076922,1.2515084334411637,82.783,85.96027272727272,1.5331467047160936,81.453,83.5685,1.6706210992151556,1.8160000000000025,28.179746835443044,39.426582278481014,40.848101265822784,0,Mercedes,80.82,5,7,9
2023,Italian Grand Prix,HUL,84.067,86.3371,1.8436466551074497,82.291,83.785,1.2982588339772618,81.985,83.1888,1.8875500523164954,2.0819999999999936,28.179746835443044,39.426582278481014,40.848101265822784,0,Haas F1 Team,81.776,6,5,9
2023,Italian Grand Prix,LAW,83.833,85.963,1.8282119133185852,83.167,84.0444,1.4546913074601076,82.296,83.05600000000001,0.5259149170730906,1.536999999999992,28.179746835443048,39.42658227848101,40.848101265822784,0,AlphaTauri,81.758,7,1,9
2023,Italian Grand Prix,LEC,82.966,85.14269999999999,1.7058780111393959,81.716,83.454,1.892358581241942,81.486,83.972,1.387593312177598,1.4799999999999898,28.179746835443044,39.426582278481014,40.848101265822784,0,Ferrari,80.361,8,4,9
2023,Italian Grand Prix,MAG,84.217,86.34353846153846,1.5497294718425663,82.574,84.051,1.7574788761177214,81.884,82.70966666666668,0.5810840444089542,2.3329999999999984,28.179746835443048,39.42658227848101,40.848101265822784,0,Haas F1 Team,82.592,9,5,9
2023,Italian Grand Prix,NOR,83.241,86.11108333333333,1.2336059086591593,81.374,83.71833333333332,1.889994991175025,82.515,83.49322222222223,0.960469517707066,0.7259999999999991,28.179746835443048,39.42658227848101,40.848101265822784,0,McLaren,80.979,10,6,9
2023,Italian Grand Prix,OCO,84.09,85.5883,1.6479024411522551,82.716,84.64320000000001,1.9150364748484578,82.739,83.23733333333332,0.5184074330742807,1.350999999999999,28.17974683544305,39.42658227848101,40.848101265822784,0,Alpine,82.548,11,2,9
2023,Italian Grand Prix,PER,82.834,85.17272222222223,1.5948088878887308,81.54,83.99,1.8589976689962087,82.192,85.186875,1.7493889902722362,0.6420000000000101,28.179746835443044,39.426582278481014,40.848101265822784,0,Red Bull Racing,80.688,12,8,9
2023,Italian Grand Prix,PIA,83.446,85.8024,1.9248149232819467,81.545,83.8422,1.9006282382412365,82.302,83.06240000000001,0.972967265636412,1.1439999999999912,28.179746835443048,39.42658227848101,40.848101265822784,0,McLaren,80.785,13,6,9
2023,Italian Grand Prix,RUS,83.189,85.03328571428571,1.2230032661489474,82.176,84.01985714285715,1.856946366894803,81.73,83.90722222222223,1.5478219194870073,1.458999999999989,28.179746835443044,39.426582278481014,40.848101265822784,0,Mercedes,80.671,15,7,9
2023,Italian Grand Prix,SAI,82.703,85.1945,1.4655714243939102,81.355,84.3325,2.115587726512761,80.912,83.83690909090909,1.6556188845592092,1.7909999999999968,28.179746835443044,39.426582278481014,40.848101265822784,0,Ferrari,80.294,16,4,9
2023,Italian Grand Prix,SAR,83.661,86.20499999999998,1.6885544771259884,82.755,85.36125,1.9597017083511195,82.38,83.28157142857143,0.9098723091992745,1.281000000000006,28.179746835443048,39.42658227848101,40.848101265822784,0,Williams,81.93,17,9,9
2023,Italian Grand Prix,STR,,,,,,,82.245,83.72844444444443,1.1130542564393613,,28.17974683544305,39.42658227848101,40.848101265822784,0,Aston Martin,82.86,18,3,9
2023,Italian Grand Prix,TSU,83.271,85.44575,1.8917998044190616,82.696,84.1855,1.6206666221033859,82.297,82.8558,0.545329900152196,0.9740000000000038,28.179746835443048,39.42658227848101,40.848101265822784,0,AlphaTauri,81.594,19,1,9
2023,Italian Grand Prix,VER,82.657,85.47433333333335,1.6901112389425734,81.631,84.29650000000001,1.8912961541908626,80.998,84.5359,2.121296639636554,1.6589999999999918,28.179746835443044,39.426582278481014,40.848101265822784,0,Red Bull Racing,80.307,20,8,9
2023,Italian Grand Prix,ZHO,84.232,85.14566666666667,0.8630521807322374,83.346,84.1,0.6220156750436414,82.742,83.15733333333334,0.3312604212197236,1.4899999999999949,28.17974683544305,39.42658227848101,40.848101265822784,0,Alfa Romeo,82.39,21,0,9
2023,Japanese Grand Prix,ALB,92.991,95.43477777777778,1.354108173095652,91.555,92.468,0.967462143962229,92.113,92.30066666666666,0.19597023583527795,0.8780000000000001,26.086956521739136,36.55326086956522,47.5,0,Williams,90.537,0,9,10
2023,Japanese Grand Prix,ALO,92.65,94.57483333333334,1.8759390626208152,91.492,92.58875,0.9468746397139016,91.549,92.00025,0.31505065730238313,1.100999999999999,26.086956521739136,36.55326086956522,47.5,0,Aston Martin,90.465,1,3,10
2023,Japanese Grand Prix,BOT,93.86,95.36200000000001,1.4562480557926942,91.739,93.79080000000002,1.6965506771092922,91.699,92.291,0.4270550315825849,2.1610000000000014,26.086956521739136,36.55326086956522,47.5,0,Alfa Romeo,91.049,2,0,10
2023,Japanese Grand Prix,GAS,93.129,95.24875,1.2483243340002401,92.179,93.52074999999999,1.0016567525854359,92.199,92.75175,0.3812718846177895,0.9300000000000068,26.086956521739136,36.55326086956522,47.5,0,Alpine,90.509,4,2,10
2023,Japanese Grand Prix,HAM,93.699,95.22866666666665,1.258191347397791,91.829,92.82939999999999,0.9323136811181096,91.159,91.68566666666668,0.48997380882382874,2.539999999999992,26.086956521739136,36.55326086956523,47.5,0,Mercedes,89.908,5,7,10
2023,Japanese Grand Prix,HUL,93.448,94.85425,0.9564501642357907,91.797,93.495,1.4723718959556407,91.979,92.0795,0.14212846301850143,1.468999999999994,26.086956521739136,36.55326086956522,47.5,0,Haas F1 Team,91.299,6,5,10
2023,Japanese Grand Prix,LAW,93.005,95.28299999999999,1.46952585890824,92.141,93.35,0.8714318676752635,92.048,92.8356,0.6236764385480678,0.9569999999999936,26.086956521739136,36.55326086956522,47.5,0,AlphaTauri,90.425,7,1,10
2023,Japanese Grand Prix,LEC,92.574,95.78766666666667,1.8093728865063297,91.008,92.49174999999998,1.4308245583112782,91.022,93.64183333333334,2.364613407444578,1.5519999999999925,26.086956521739136,36.55326086956522,47.5,0,Ferrari,89.542,8,4,10
2023,Japanese Grand Prix,MAG,93.975,95.55440000000002,1.6691260587505106,92.169,93.334,1.0340314308569172,91.88,92.27875,0.4329413932624148,2.094999999999999,26.086956521739136,36.55326086956522,47.5,0,Haas F1 Team,90.665,9,5,10
2023,Japanese Grand Prix,NOR,92.392,94.8738,1.541406702406029,91.152,93.5585,2.551843843184768,90.507,91.8478,1.2721696820786135,1.884999999999991,26.086956521739136,36.55326086956522,47.5,0,McLaren,89.493,10,6,10
2023,Japanese Grand Prix,OCO,93.516,95.78609999999999,1.6352965378385242,91.794,93.077,0.9318644393544233,91.924,92.35133333333333,0.4517093460770208,1.5919999999999987,26.086956521739136,36.55326086956522,47.5,0,Alpine,90.586,11,2,10
2023,Japanese Grand Prix,PER,93.043,94.06020000000001,1.067482412033096,91.71,92.63525,0.7611282743401441,91.004,91.62766666666666,0.5626067306150248,2.0390000000000015,26.086956521739136,36.55326086956523,47.5,0,Red Bull Racing,89.65,12,8,10
2023,Japanese Grand Prix,PIA,92.713,94.92633333333333,1.1678503432556884,91.662,92.528,0.8808581043505228,90.555,92.6122,1.485421051419425,2.157999999999987,26.086956521739136,36.55326086956522,47.5,0,McLaren,89.458,13,6,10
2023,Japanese Grand Prix,RUS,93.31,95.29908333333333,1.3861851810132029,91.328,93.5146,1.8642274002921422,91.505,91.98533333333334,0.6095164750302815,1.8050000000000068,26.086956521739136,36.55326086956522,47.5,0,Mercedes,90.219,15,7,10
2023,Japanese Grand Prix,SAI,92.273,96.49657142857143,1.6531685061995687,91.237,92.57225,1.121854231469789,91.137,91.8365,0.47157926163053426,1.1359999999999957,26.086956521739136,36.55326086956522,47.5,0,Ferrari,89.85,16,4,10
2023,Japanese Grand Prix,STR,93.04,93.49933333333333,0.398247829037812,91.771,93.00425,0.9884962906691496,92.154,93.00475,0.6361773206688044,0.8860000000000099,26.086956521739136,36.55326086956522,47.5,0,Aston Martin,91.181,18,3,10
2023,Japanese Grand Prix,TSU,92.597,94.5404,1.2726868428643414,92.178,93.33780000000002,1.0536136388638886,91.951,92.87875,0.7963342577084064,0.6460000000000008,26.086956521739136,36.55326086956523,47.5,0,AlphaTauri,90.204,19,1,10
2023,Japanese Grand Prix,VER,91.647,94.9191111111111,2.6392736900729186,90.688,92.47625000000001,2.6687511904759234,90.267,90.80033333333334,0.47411215269526363,1.3800000000000097,26.086956521739136,36.55326086956522,47.5,0,Red Bull Racing,88.877,20,8,10
2023,Japanese Grand Prix,ZHO,94.831,95.91566666666667,0.8272541729521037,92.165,93.5995,1.01201202232648,91.668,92.54175000000001,0.6347221833211705,3.1629999999999967,26.086956521739136,36.55326086956522,47.5,0,Alfa Romeo,91.379,21,0,10
2023,Miami Grand Prix,ALB,91.903,94.38418181818183,1.208615722070653,89.046,91.43762500000001,1.7529360625207389,88.561,89.30999999999999,0.5938320469627701,3.3419999999999987,28.64482758620689,43.26666666666666,59.20689655172414,0,Williams,87.795,0,9,11
2023,Miami Grand Prix,ALO,91.231,92.63377777777778,0.7976300486092818,88.66,90.944,1.8254735002185047,88.618,88.789,0.14388363353766237,2.6129999999999995,28.64482758620689,43.26666666666666,59.206896551724135,0,Aston Martin,87.097,1,3,11
2023,Miami Grand Prix,BOT,91.902,93.9211111111111,1.41368936160357,89.189,91.581875,1.781721433854671,88.456,89.353,0.649755338569833,3.445999999999998,28.64482758620689,43.26666666666666,59.20689655172414,0,Alfa Romeo,87.564,2,0,11
2023,Miami Grand Prix,DEV,94.637,94.869,0.3280975464705571,89.928,91.896,1.261354940416965,89.447,90.34416666666665,0.7030992580473031,5.189999999999998,28.64482758620689,43.26666666666666,59.206896551724135,0,AlphaTauri,88.325,3,1,11
2023,Miami Grand Prix,GAS,91.104,93.4566,2.058204751719323,89.098,90.93399999999998,1.5660495947872595,88.428,89.23471428571428,0.680101883123828,2.676000000000002,28.64482758620689,43.26666666666666,59.206896551724135,0,Alpine,87.612,4,2,11
2023,Miami Grand Prix,HAM,90.337,94.36281818181818,1.611272839601153,88.858,90.76966666666668,1.7523177413547637,88.718,90.141,1.150118130578642,1.6189999999999998,28.64482758620689,43.26666666666666,59.20689655172414,0,Mercedes,87.846,5,7,11
2023,Miami Grand Prix,HUL,91.392,93.8638,2.346067283775123,89.393,92.33169999999998,1.6306115451299605,88.497,89.11420000000001,0.7948692974319721,2.894999999999996,28.64482758620689,43.26666666666666,59.20689655172414,0,Haas F1 Team,87.903,6,5,11
2023,Miami Grand Prix,LEC,90.449,92.59937500000001,1.8508952225882467,88.398,91.165625,2.1773622270667654,87.941,91.0658,2.2852109943917376,2.5079999999999956,28.64482758620689,43.26666666666666,59.206896551724135,0,Ferrari,86.964,8,4,11
2023,Miami Grand Prix,MAG,91.853,95.082,1.7571030134855505,89.171,91.812625,1.5238875977952853,88.607,89.0518,0.2710547915090231,3.245999999999995,28.64482758620689,43.26666666666666,59.206896551724135,0,Haas F1 Team,87.673,9,5,11
2023,Miami Grand Prix,NOR,91.997,94.12108333333333,0.8957640170504861,88.741,92.8615,1.7547587542777172,89.401,90.34675,1.0990463669321089,2.5960000000000036,28.64482758620689,43.26666666666666,59.206896551724135,0,McLaren,88.394,10,6,11
2023,Miami Grand Prix,OCO,91.542,93.8925,1.5517125143765271,88.937,91.14644444444444,1.9924321262662321,88.407,89.628875,0.8997622602665689,3.135000000000005,28.64482758620689,43.26666666666666,59.206896551724135,0,Alpine,87.444,11,2,11
2023,Miami Grand Prix,PER,91.566,93.69999999999999,1.464526203247998,88.419,90.74012499999999,1.8593839561609016,88.05,88.5578,0.47592089678853466,3.5160000000000053,28.64482758620689,43.26666666666666,59.20689655172414,0,Red Bull Racing,86.841,12,8,11
2023,Miami Grand Prix,PIA,91.81,94.29554545454548,1.1534241512675512,89.339,91.82642857142858,1.962214043467469,89.375,89.78799999999998,0.28382300822872053,2.4350000000000023,28.64482758620689,43.26666666666666,59.206896551724135,0,McLaren,88.484,13,6,11
2023,Miami Grand Prix,RUS,90.125,93.40875,1.4694262971844296,89.216,91.0545,1.9276079217517224,88.606,89.30099999999999,0.40611082231332046,1.5190000000000055,28.64482758620689,43.26666666666666,59.206896551724135,0,Mercedes,87.743,15,7,11
2023,Miami Grand Prix,SAI,90.724,92.73299999999999,1.5868273378033273,88.315,91.408,2.027024173511507,88.125,91.6583,2.2511701673179263,2.5990000000000038,28.64482758620689,43.26666666666666,59.20689655172414,0,Ferrari,87.148,16,4,11
2023,Miami Grand Prix,SAR,92.619,94.61118181818182,1.2090965071640725,90.038,92.26500000000001,1.7583377251129988,89.264,89.88480000000001,0.5578957787974413,3.355000000000004,28.64482758620689,43.26666666666666,59.206896551724135,0,Williams,88.577,17,9,11
2023,Miami Grand Prix,STR,91.337,92.6816,1.4123076152170202,88.93,90.95200000000001,1.7351730749409389,88.723,89.49016666666667,0.756634500050497,2.6140000000000043,28.64482758620689,43.26666666666666,59.206896551724135,0,Aston Martin,88.476,18,3,11
2023,Miami Grand Prix,TSU,92.169,93.94357142857142,1.313753637120608,89.613,91.74375,1.623009792242266,89.179,90.0118,0.6868454702478549,2.989999999999995,28.64482758620689,43.26666666666666,59.206896551724135,0,AlphaTauri,88.429,19,1,11
2023,Miami Grand Prix,VER,90.549,92.77324999999999,1.5227399881229127,87.93,90.69270000000002,1.841059601304521,87.535,87.9462,0.5923826466060583,3.01400000000001,28.64482758620689,43.26666666666666,59.206896551724135,0,Red Bull Racing,86.814,20,8,11
2023,Miami Grand Prix,ZHO,92.134,93.81099999999999,1.5032462650322251,89.181,91.56899999999999,1.6639404035802072,89.074,90.03566666666667,0.8051977810865278,3.0600000000000023,28.64482758620689,43.26666666666666,59.206896551724135,0,Alfa Romeo,88.091,21,0,11
2023,Monaco Grand Prix,ALB,74.666,76.28161538461539,1.1181102016692843,74.217,74.65525,0.4769642718974535,73.93,74.51171428571429,0.6101944264701519,0.73599999999999,25.586046511627902,46.4953488372093,34.66279069767442,0,Williams,72.527,0,9,12
2023,Monaco Grand Prix,ALO,73.71,74.95270000000001,1.2616575561097774,72.682,74.90846153846154,1.858734722662373,73.697,74.7658,1.618603626586817,0.012999999999991019,25.586046511627902,46.495348837209306,34.66279069767442,0,Aston Martin,71.449,1,3,12
2023,Monaco Grand Prix,BOT,74.718,75.59542857142857,0.9182673643231309,73.05,75.44146153846154,1.4507535751799607,73.521,74.66600000000001,0.9128084136334415,1.1970000000000027,25.586046511627902,46.495348837209306,34.66279069767442,0,Alfa Romeo,72.625,2,0,12
2023,Monaco Grand Prix,DEV,75.083,76.0568,0.8200213818350531,73.663,75.3605,1.3310178725032495,74.187,75.29433333333333,0.983739328616411,0.8960000000000008,25.586046511627902,46.4953488372093,34.66279069767442,0,AlphaTauri,72.428,3,1,12
2023,Monaco Grand Prix,GAS,74.866,75.90938461538461,0.8878956900505014,73.089,75.56515384615385,1.4687619415772069,73.453,74.91975,1.0504744166327875,1.4129999999999967,25.586046511627902,46.495348837209306,34.66279069767442,0,Alpine,71.933,4,2,12
2023,Monaco Grand Prix,HAM,74.035,76.78524999999999,1.4354336769454334,72.96,75.2061818181818,1.6894803235422347,73.486,73.90433333333334,0.6682322450565574,0.5489999999999924,25.586046511627902,46.495348837209306,34.662790697674424,0,Mercedes,71.725,5,7,12
2023,Monaco Grand Prix,HUL,75.785,76.61733333333332,0.7819352061818622,73.52,75.85864285714285,1.1393200136075003,73.65,74.83183333333334,1.0105286570239658,2.134999999999991,25.586046511627902,46.495348837209306,34.66279069767442,0,Haas F1 Team,73.279,6,5,12
2023,Monaco Grand Prix,LEC,74.093,75.40966666666665,1.3752118018690789,72.527,74.18441666666666,1.497515242498437,73.475,74.53524999999999,0.8356093086285438,0.6180000000000092,25.586046511627902,46.495348837209306,34.66279069767442,0,Ferrari,71.471,8,4,12
2023,Monaco Grand Prix,MAG,74.725,76.1027,0.8924759629505129,73.457,75.4020909090909,1.3661544901324643,73.624,74.791,0.8586070113853033,1.100999999999999,25.586046511627902,46.49534883720931,34.66279069767442,0,Haas F1 Team,73.27,9,5,12
2023,Monaco Grand Prix,NOR,74.467,76.089,0.7130929111974125,72.906,74.11416666666666,1.036304668843417,73.396,75.16,0.9978008676226793,1.070999999999998,25.586046511627902,46.495348837209306,34.66279069767442,0,McLaren,72.254,10,6,12
2023,Monaco Grand Prix,OCO,74.585,76.27707692307693,0.9466214890809006,73.162,75.2814,1.3969098447235997,73.496,74.11733333333332,0.5931777698689217,1.0889999999999986,25.586046511627902,46.495348837209306,34.66279069767442,0,Alpine,71.553,11,2,12
2023,Monaco Grand Prix,PER,74.038,75.3921111111111,1.391169332292481,72.991,75.36472727272728,1.5592339202896466,72.849,73.96371428571429,1.0630893211588108,1.188999999999993,25.586046511627902,46.495348837209306,34.66279069767442,0,Red Bull Racing,73.85,12,8,12
2023,Monaco Grand Prix,PIA,75.192,76.69366666666666,0.8802836123064194,73.673,75.55883333333334,1.2436098360186862,73.998,75.402625,1.1627620979497775,1.1939999999999884,25.586046511627902,46.495348837209306,34.66279069767442,0,McLaren,72.395,13,6,12
2023,Monaco Grand Prix,RUS,75.066,76.41128571428571,0.9430165630015404,73.191,74.92429999999999,1.65565610022801,73.59,73.93925,0.3404344038626732,1.475999999999999,25.586046511627902,46.495348837209306,34.66279069767442,0,Mercedes,71.964,15,7,12
2023,Monaco Grand Prix,SAI,73.372,74.82077777777778,1.2293175726574648,72.569,73.68842857142859,1.0881522346226613,73.261,74.07516666666666,0.7641228740632396,0.1110000000000042,25.586046511627902,46.495348837209306,34.66279069767442,0,Ferrari,71.63,16,4,12
2023,Monaco Grand Prix,SAR,75.557,77.41578571428572,0.821061337404349,74.238,75.7527,1.1738269842224986,73.851,74.68275,0.8256651359156836,1.706000000000003,25.586046511627902,46.495348837209306,34.66279069767442,0,Williams,73.113,17,9,12
2023,Monaco Grand Prix,STR,74.653,76.0154,1.020255436425387,73.185,75.32324999999999,1.5280232104972025,72.942,74.30283333333334,0.767203601833745,1.7110000000000127,25.586046511627902,46.4953488372093,34.66279069767442,0,Aston Martin,72.623,18,3,12
2023,Monaco Grand Prix,TSU,74.82,76.10914285714286,1.142001230088572,73.641,74.90425,1.3258369593796735,73.738,74.73,0.7010256771331562,1.0819999999999936,25.586046511627902,46.495348837209306,34.66279069767442,0,AlphaTauri,72.082,19,1,12
2023,Monaco Grand Prix,VER,74.244,75.66455555555557,1.385468793505568,72.462,75.10026666666666,1.579132649212702,72.776,73.17439999999999,0.47719733863465785,1.4680000000000035,25.586046511627902,46.495348837209306,34.662790697674424,0,Red Bull Racing,71.365,20,8,12
2023,Monaco Grand Prix,ZHO,75.684,76.679,1.0229525893217133,73.354,75.50330769230769,1.3527055225618123,73.772,74.7668,0.6642406943269878,1.911999999999992,25.586046511627902,46.495348837209306,34.66279069767442,0,Alfa Romeo,73.523,21,0,12
2023,Qatar Grand Prix,ALB,88.59,91.08711111111111,1.9241263241042945,,,,,,,,31.416867469879527,34.3855421686747,55.807228915662655,0,Williams,85.707,0,9,13
2023,Qatar Grand Prix,ALO,87.919,90.2985,1.4897884450857823,,,,,,,,31.416867469879524,34.3855421686747,55.807228915662655,0,Aston Martin,84.369,1,3,13
2023,Qatar Grand Prix,BOT,89.041,91.86457142857141,1.925132017736523,,,,,,,,31.416867469879524,34.3855421686747,55.80722891566266,0,Alfa Romeo,85.058,2,0,13
2023,Qatar Grand Prix,GAS,88.821,90.58333333333334,1.275199004077403,,,,,,,,31.416867469879527,34.3855421686747,55.80722891566265,0,Alpine,84.553,4,2,13
2023,Qatar Grand Prix,HAM,88.679,90.71999999999998,1.0680483369211324,,,,,,,,31.416867469879524,34.3855421686747,55.807228915662655,0,Mercedes,84.305,5,7,13
2023,Qatar Grand Prix,HUL,88.171,89.964,1.6946651586670403,,,,,,,,31.416867469879527,34.3855421686747,55.80722891566265,0,Haas F1 Team,85.547,6,5,13
2023,Qatar Grand Prix,LAW,89.238,91.4256,1.6383787107991832,,,,,,,,31.416867469879527,34.3855421686747,55.80722891566265,0,AlphaTauri,86.635,7,1,13
2023,Qatar Grand Prix,LEC,87.909,89.55587500000001,1.6958830348397111,,,,,,,,31.416867469879527,34.3855421686747,55.80722891566265,0,Ferrari,84.424,8,4,13
2023,Qatar Grand Prix,MAG,89.502,91.44566666666667,1.8274606242908085,,,,,,,,31.41686746987953,34.3855421686747,55.80722891566265,0,Haas F1 Team,87.046,9,5,13
2023,Qatar Grand Prix,NOR,88.441,89.89425,1.2171084243676324,,,,,,,,31.416867469879524,34.3855421686747,55.807228915662655,0,McLaren,84.074,10,6,13
2023,Qatar Grand Prix,OCO,88.732,90.8077,1.3974865572798119,,,,,,,,31.41686746987953,34.3855421686747,55.80722891566265,0,Alpine,84.763,11,2,13
2023,Qatar Grand Prix,PER,88.016,90.96625,2.2126785238710105,,,,,,,,31.416867469879524,34.3855421686747,55.807228915662655,0,Red Bull Racing,85.275,12,8,13
2023,Qatar Grand Prix,PIA,88.38,91.29985714285715,1.842798815983578,,,,,,,,31.416867469879527,34.3855421686747,55.80722891566265,0,McLaren,84.228,13,6,13
2023,Qatar Grand Prix,RUS,88.336,90.6375,1.2795933097908656,,,,,,,,31.416867469879524,34.3855421686747,55.807228915662655,0,Mercedes,84.219,15,7,13
2023,Qatar Grand Prix,SAI,87.762,90.361875,1.6691235028772287,,,,,,,,31.416867469879527,34.3855421686747,55.807228915662655,0,Ferrari,85.328,16,4,13
2023,Qatar Grand Prix,SAR,88.55,91.32177777777777,1.9100373542013365,,,,,,,,31.416867469879527,34.3855421686747,55.80722891566265,0,Williams,86.21,17,9,13
2023,Qatar Grand Prix,STR,88.69,91.00800000000001,1.2805337754233597,,,,,,,,31.41686746987953,34.3855421686747,55.80722891566265,0,Aston Martin,86.345,18,3,13
2023,Qatar Grand Prix,TSU,88.027,91.75325000000001,1.9142061204135175,,,,,,,,31.416867469879524,34.3855421686747,55.807228915662655,0,AlphaTauri,85.301,19,1,13
2023,Qatar Grand Prix,VER,87.428,90.53750000000001,2.1533943206017794,,,,,,,,31.416867469879524,34.3855421686747,55.807228915662655,0,Red Bull Racing,83.778,20,8,13
2023,Qatar Grand Prix,ZHO,89.106,92.14333333333333,1.6464112082546911,,,,,,,,31.41686746987953,34.3855421686747,55.80722891566265,0,Alfa Romeo,87.432,21,0,13
2023,Saudi Arabian Grand Prix,ALB,91.03,93.17944444444444,2.0199381866229893,90.81,93.35172727272726,2.385948745925154,89.983,90.59283333333332,0.7475989343669968,1.046999999999997,27.02375,31.66625,44.7375,0,Williams,89.994,0,9,14
2023,Saudi Arabian Grand Prix,ALO,90.315,92.44722222222222,2.204639073509412,89.811,93.99266666666666,2.238555231351133,89.483,91.69114285714286,1.9535795716727635,0.8319999999999936,27.02375,31.66625,44.7375,0,Aston Martin,88.73,1,3,14
2023,Saudi Arabian Grand Prix,BOT,91.97,94.271,1.3766485182707808,91.052,92.77075,1.4151234045128367,90.317,91.23219999999999,0.6408453011452958,1.6530000000000058,27.023750000000003,31.66625,44.737500000000004,0,Alfa Romeo,89.668,2,0,14
2023,Saudi Arabian Grand Prix,DEV,91.45,93.03645454545455,1.1647557996109197,90.921,92.87859999999999,2.035740880695117,,,,,27.023749999999996,31.66625,44.73749999999999,0,AlphaTauri,90.244,3,1,14
2023,Saudi Arabian Grand Prix,GAS,90.949,92.84653846153847,1.1773690030023598,90.1,93.42666666666669,2.4283794616006382,89.701,90.11183333333332,0.3421464111556171,1.2480000000000047,27.023750000000003,31.66625,44.737500000000004,0,Alpine,89.357,4,2,14
2023,Saudi Arabian Grand Prix,HAM,90.787,93.74225,1.9383415407433813,90.599,93.55999999999999,2.2226098273076276,89.568,90.3978,0.8216122564811189,1.2190000000000083,27.023750000000003,31.666249999999998,44.737500000000004,0,Mercedes,89.223,5,7,14
2023,Saudi Arabian Grand Prix,HUL,91.552,93.3156,1.6360037591643874,90.181,91.3638,0.7432480743331927,89.933,91.11333333333333,1.004773938090885,1.6189999999999998,27.02375,31.66625,44.7375,0,Haas F1 Team,89.451,6,5,14
2023,Saudi Arabian Grand Prix,LEC,91.118,93.93135714285714,1.4434851312624677,90.341,94.0612142857143,2.191023757149978,89.588,91.65383333333334,2.0968232559437774,1.5300000000000011,27.023750000000003,31.666249999999998,44.737500000000004,0,Ferrari,88.42,8,4,14
2023,Saudi Arabian Grand Prix,MAG,91.566,93.02616666666665,1.2815152619718042,90.82,92.24933333333333,1.3301933443425944,90.131,90.81550000000001,0.8087696416986327,1.4350000000000023,27.02375,31.66625,44.7375,0,Haas F1 Team,89.517,9,5,14
2023,Saudi Arabian Grand Prix,NOR,92.149,93.74157142857143,1.5760345657316528,90.721,94.30624999999999,1.9154864917299717,89.69,90.3884,0.6523590269169256,2.459000000000003,27.02375,31.66625,44.7375,0,McLaren,90.447,10,6,14
2023,Saudi Arabian Grand Prix,OCO,91.181,93.0549,1.358257498905614,90.039,93.6998125,2.2945752030604707,89.953,90.49033333333334,0.5105572119426635,1.2279999999999944,27.023750000000003,31.666249999999998,44.737500000000004,0,Alpine,89.078,11,2,14
2023,Saudi Arabian Grand Prix,PER,90.1,91.0998,1.168302700501885,89.902,94.39157142857142,1.8117517963089125,89.098,89.7716,1.0586648667071168,1.0019999999999953,27.02375,31.66625,44.7375,0,Red Bull Racing,88.265,12,8,14
2023,Saudi Arabian Grand Prix,PIA,91.491,93.27936363636364,1.1375378035676245,90.964,94.46991666666666,1.5750307620853488,89.698,91.84745454545454,1.4541204464305144,1.7930000000000064,27.02375,31.666250000000005,44.7375,0,McLaren,89.243,13,6,14
2023,Saudi Arabian Grand Prix,RUS,90.771,94.20039999999997,1.426297794992337,90.07,94.13923076923076,2.116761683714308,89.811,90.26057142857144,0.3664472936830292,0.9599999999999937,27.023750000000003,31.666249999999998,44.737500000000004,0,Mercedes,88.857,15,7,14
2023,Saudi Arabian Grand Prix,SAI,90.924,94.01158333333332,1.6781045832796713,90.592,93.9465,1.977896036390496,89.761,91.25219999999999,1.9800890636534525,1.163000000000011,27.023750000000003,31.666249999999998,44.737500000000004,0,Ferrari,88.931,16,4,14
2023,Saudi Arabian Grand Prix,SAR,91.922,93.00066666666667,1.0079574726478613,90.959,93.20257142857143,1.8431745130926378,90.035,90.49180000000001,0.5486184466457544,1.8870000000000005,27.02375,31.66625,44.7375,0,Williams,89.721,17,9,14
2023,Saudi Arabian Grand Prix,STR,90.577,92.71657142857143,2.0142590744607856,90.11,93.1010909090909,2.343754528722898,89.509,91.160375,1.3400750445404166,1.0679999999999978,27.02375,31.66625,44.7375,0,Aston Martin,88.945,18,3,14
2023,Saudi Arabian Grand Prix,TSU,91.11,93.04425,1.3478295515383234,90.776,92.78985714285714,1.9320712054314004,90.797,91.40314285714285,0.47652507054418775,0.3130000000000024,27.023749999999996,31.66625,44.73749999999999,0,AlphaTauri,89.939,19,1,14
2023,Saudi Arabian Grand Prix,VER,89.617,90.14342857142857,0.6939298372657091,89.603,93.93825,2.3039012855010377,88.485,89.4002857142857,0.8089888162155939,1.132000000000005,27.02375,31.66625,44.7375,0,Red Bull Racing,88.761,20,8,14
2023,Saudi Arabian Grand Prix,ZHO,91.986,94.018,1.4775585718790756,90.837,92.54485714285714,1.4447214758759366,89.917,91.19385714285714,0.7007066501210125,2.0690000000000026,27.023750000000003,31.666249999999998,44.737500000000004,0,Alfa Romeo,89.461,21,0,14
2023,Singapore Grand Prix,ALB,94.657,97.22500000000001,1.7708793484217573,95.558,96.119,0.7933738084913062,93.37,94.03666666666668,0.6207393441158127,1.286999999999992,29.519090909090913,34.15272727272727,77.35454545454546,0,Williams,92.668,0,9,15
2023,Singapore Grand Prix,ALO,93.974,97.044,1.7005705459692575,92.478,96.298,2.439258754771064,93.051,93.84233333333333,0.9401962915618557,0.9230000000000018,29.519090909090913,34.15272727272727,77.35454545454546,0,Aston Martin,91.615,1,3,15
2023,Singapore Grand Prix,BOT,94.802,96.63344444444444,1.4801192613359848,93.105,94.53,1.3255719520267482,93.54,94.29100000000001,0.8583072487945825,1.2620000000000005,29.51909090909091,34.15272727272727,77.35454545454546,0,Alfa Romeo,92.809,2,0,15
2023,Singapore Grand Prix,GAS,94.639,96.68575,1.7490315483555066,93.824,94.93083333333334,0.9681331347839833,93.351,94.5242,1.0717726904526,1.2879999999999967,29.519090909090913,34.15272727272727,77.35454545454546,0,Alpine,92.274,4,2,15
2023,Singapore Grand Prix,HAM,93.54,96.66457142857143,2.3710437826087505,92.585,96.95239999999998,2.238845247989339,92.535,93.28540000000001,0.7928753369855829,1.0050000000000097,29.519090909090913,34.15272727272727,77.35454545454546,0,Mercedes,91.485,5,7,15
2023,Singapore Grand Prix,HUL,94.985,97.03316666666666,1.8499584229562194,93.139,94.23225,1.3046121709790495,92.896,94.08500000000001,1.0682946690871393,2.0889999999999986,29.519090909090917,34.15272727272727,77.35454545454546,0,Haas F1 Team,91.808,6,5,15
2023,Singapore Grand Prix,LAW,94.894,97.27085714285714,1.8183867784908883,93.285,95.62483333333334,2.1633455033042384,93.357,93.86025000000001,0.8592513698951345,1.5370000000000061,29.519090909090917,34.15272727272727,77.35454545454546,0,AlphaTauri,92.166,7,1,15
2023,Singapore Grand Prix,LEC,93.35,96.0108888888889,1.885261483484749,92.138,95.79124999999999,2.694932108871865,92.381,94.891875,1.680289638085394,0.9689999999999941,29.519090909090917,34.15272727272727,77.35454545454546,0,Ferrari,91.063,8,4,15
2023,Singapore Grand Prix,MAG,94.887,97.7955,1.9951260611800934,93.017,94.45360000000001,1.1039149876688878,92.97,93.55999999999999,0.5878457847655862,1.9170000000000016,29.519090909090917,34.15272727272727,77.35454545454546,0,Haas F1 Team,91.575,9,5,15
2023,Singapore Grand Prix,NOR,93.522,96.8742,1.8011646108991692,92.711,96.23622222222224,2.346862255106688,92.303,93.3718,0.8705617152161015,1.2190000000000083,29.519090909090917,34.15272727272727,77.35454545454546,0,McLaren,91.27,10,6,15
2023,Singapore Grand Prix,OCO,94.066,96.53425,2.0935004009007083,93.361,94.90220000000001,1.2198908557735795,92.979,94.1128,0.8483423247722598,1.0870000000000033,29.519090909090917,34.15272727272727,77.35454545454546,0,Alpine,91.673,11,2,15
2023,Singapore Grand Prix,PER,93.725,96.38871428571429,2.330595182514951,92.812,95.9854,2.4364760618565504,92.784,93.95816666666667,0.9398304989021503,0.9409999999999883,29.51909090909091,34.15272727272727,77.35454545454546,0,Red Bull Racing,92.099,12,8,15
2023,Singapore Grand Prix,PIA,95.474,97.50125,1.6408378304129545,93.461,94.7446,0.8835950995789875,92.73,94.45419999999999,1.4551375192743803,2.7439999999999998,29.51909090909091,34.15272727272727,77.35454545454546,0,McLaren,92.902,13,6,15
2023,Singapore Grand Prix,RUS,93.695,96.62412499999999,2.3154253196150143,92.355,95.41062500000001,2.4410469614198607,92.134,92.98299999999999,0.7995517494196326,1.5609999999999928,29.519090909090913,34.15272727272727,77.35454545454546,0,Mercedes,91.056,15,7,15
2023,Singapore Grand Prix,SAI,93.428,96.60044444444445,2.124812704164247,92.12,96.06355555555555,2.770618618247157,92.065,94.628,2.0010788518768012,1.3629999999999995,29.519090909090917,34.15272727272727,77.35454545454546,0,Ferrari,90.984,16,4,15
2023,Singapore Grand Prix,SAR,95.778,97.94733333333333,1.5173306385447645,94.327,95.87350000000002,1.5499288693356221,93.708,94.40350000000001,0.5845890294329289,2.0700000000000074,29.51909090909091,34.15272727272727,77.35454545454546,0,Williams,93.252,17,9,15
2023,Singapore Grand Prix,STR,94.568,97.22233333333332,1.8332857115027121,93.39,96.25514285714287,2.10935380536089,93.126,94.52042857142855,0.8712479281932042,1.441999999999993,29.519090909090913,34.15272727272727,77.35454545454546,0,Aston Martin,93.397,18,3,15
2023,Singapore Grand Prix,TSU,94.042,97.364375,2.093977823426028,93.477,95.38071428571428,2.2155158702723314,92.945,94.0424,1.2617685207675768,1.0970000000000084,29.519090909090913,34.15272727272727,77.35454545454546,0,AlphaTauri,91.991,19,1,15
2023,Singapore Grand Prix,VER,93.476,97.60125,2.1674002695790704,92.852,96.20616666666666,2.4785020812310528,92.378,94.9475,2.700668343206921,1.097999999999999,29.519090909090913,34.15272727272727,77.35454545454546,0,Red Bull Racing,92.173,20,8,15
2023,Singapore Grand Prix,ZHO,95.456,97.087,1.5999723747615138,93.575,95.3112,1.5703568702686639,93.637,94.777,1.3820716334546512,1.8190000000000026,29.51909090909091,34.15272727272727,77.35454545454546,0,Alfa Romeo,93.258,21,0,15
2023,Spanish Grand Prix,ALB,76.63,77.98974999999999,0.9837798461618781,75.056,75.96124999999999,0.7704922128094479,75.851,75.851,,0.7789999999999964,20.853409090909093,24.940909090909088,71.94318181818181,1,Williams,74.063,0,9,16
2023,Spanish Grand Prix,ALO,75.547,77.20866666666667,1.1259503763487966,74.077,76.19544444444445,1.4981153252596358,74.264,75.30566666666665,1.6920385141400691,1.2830000000000013,20.853409090909093,24.940909090909088,71.94318181818181,1,Aston Martin,73.098,1,3,16
2023,Spanish Grand Prix,BOT,75.978,77.59842857142857,1.087587828965684,74.448,75.83500000000001,1.0846847468273926,74.36,75.47966666666667,1.8194230770585824,1.617999999999995,20.853409090909093,24.940909090909088,71.94318181818181,1,Alfa Romeo,73.977,2,0,16
2023,Spanish Grand Prix,DEV,75.504,76.777,0.8133225067585408,74.785,76.01228571428571,1.1465463668899625,74.693,75.30675,0.6239702850830884,0.811000000000007,20.853409090909093,24.940909090909088,71.94318181818181,1,AlphaTauri,73.581,3,1,16
2023,Spanish Grand Prix,GAS,75.545,77.63853846153846,1.2344320296790072,74.457,75.957,1.2723818216243128,75.841,75.841,,-0.29599999999999227,20.853409090909093,24.940909090909088,71.94318181818181,1,Alpine,72.816,4,2,16
2023,Spanish Grand Prix,HAM,75.845,78.8476,1.174770918567153,74.549,75.8264,1.0384884688815759,74.072,74.099,0.03818376618407501,1.7729999999999961,20.853409090909093,24.940909090909088,71.94318181818181,1,Mercedes,72.818,5,7,16
2023,Spanish Grand Prix,HUL,76.461,77.62242857142857,0.8789648944720625,74.177,75.86325000000001,1.1487814921327109,74.988,75.06700000000001,0.11172287142747539,1.472999999999999,20.853409090909093,24.940909090909088,71.94318181818181,1,Haas F1 Team,73.229,6,5,16
2023,Spanish Grand Prix,LEC,75.694,77.9125,1.2195116118465508,74.246,75.02266666666667,0.6986625317943798,74.353,76.391,1.5045085576360184,1.3410000000000082,20.853409090909093,24.940909090909088,71.94318181818181,1,Ferrari,74.079,8,4,16
2023,Spanish Grand Prix,MAG,75.689,77.98585714285714,1.6762139311129554,74.713,75.7355,0.9419460352553857,75.534,75.572,0.05374011537017295,0.15499999999998693,20.853409090909093,24.940909090909088,71.94318181818181,1,Haas F1 Team,74.042,9,5,16
2023,Spanish Grand Prix,NOR,75.783,78.48236363636363,1.1509604052900595,74.694,75.80275,0.797564365218671,74.681,76.33975,1.9171343849610558,1.1020000000000039,20.853409090909093,24.940909090909088,71.94318181818181,1,McLaren,72.776,10,6,16
2023,Spanish Grand Prix,OCO,75.418,77.31753846153846,1.0252807432913675,74.242,75.4744,0.8975468232911258,75.266,75.266,,0.15200000000000102,20.853409090909093,24.940909090909088,71.94318181818181,1,Alpine,73.001,11,2,16
2023,Spanish Grand Prix,PER,75.374,76.72619999999999,1.4123482927380249,74.219,75.5635,1.128800690999082,73.914,73.914,,1.4599999999999937,20.853409090909093,24.940909090909088,71.94318181818181,1,Red Bull Racing,73.334,12,8,16
2023,Spanish Grand Prix,PIA,76.353,78.331,1.0735827867472538,74.583,76.1644,1.008374583178294,75.105,76.08800000000001,1.520216103059035,1.2479999999999905,20.853409090909093,24.940909090909088,71.94318181818181,1,McLaren,73.059,13,6,16
2023,Spanish Grand Prix,RUS,75.753,78.874,1.2423912963850539,74.392,75.96466666666667,1.6779035530486637,74.278,76.19375000000001,2.272626435793324,1.4749999999999943,20.853409090909093,24.940909090909088,71.94318181818181,1,Mercedes,73.326,15,7,16
2023,Spanish Grand Prix,SAI,75.726,78.34145454545455,1.2215748330443268,74.274,74.93166666666667,0.6267187035132554,74.24,75.529,1.8229212818989216,1.4860000000000042,20.853409090909093,24.940909090909088,71.94318181818181,1,Ferrari,72.734,16,4,16
2023,Spanish Grand Prix,SAR,76.506,77.65062499999999,1.071010462467238,75.415,76.443,1.2438952260272285,76.529,76.529,,-0.022999999999996135,20.853409090909093,24.940909090909088,71.94318181818181,1,Williams,74.699,17,9,16
2023,Spanish Grand Prix,STR,75.939,76.9305,1.089448943273617,75.01,76.84075,1.793341713115488,74.756,76.2365,2.0937431790933663,1.1829999999999927,20.853409090909093,24.940909090909088,71.94318181818181,1,Aston Martin,72.994,18,3,16
2023,Spanish Grand Prix,TSU,75.915,77.22142857142858,0.642611561557691,74.84,76.10714285714286,0.81692705275551,74.659,74.9685,0.4376990975544727,1.2560000000000002,20.853409090909093,24.940909090909088,71.94318181818181,1,AlphaTauri,73.316,19,1,16
2023,Spanish Grand Prix,VER,74.606,76.707,1.680704971135626,73.907,75.78540000000001,1.7741897587349569,73.664,73.664,,0.9419999999999931,20.853409090909093,24.940909090909088,71.94318181818181,1,Red Bull Racing,72.272,20,8,16
2023,Spanish Grand Prix,ZHO,75.906,77.61250000000001,1.0630503280654195,74.585,76.043,1.210444339901677,74.681,76.20533333333333,2.1980674087328005,1.2250000000000085,20.853409090909093,24.940909090909088,71.94318181818181,1,Alfa Romeo,73.521,21,0,16
2023,United States Grand Prix,ALB,96.492,99.74375,2.3091715119125666,,,,,,,,35.460759493670885,41.36582278481012,12.531645569620252,0,Williams,96.315,0,9,17
2023,United States Grand Prix,ALO,97.84,100.10442857142857,1.9311422230675503,,,,,,,,35.460759493670885,41.36582278481012,12.531645569620252,0,Aston Martin,96.268,1,3,17
2023,United States Grand Prix,BOT,97.517,100.37312500000002,1.8002996923131598,,,,,,,,35.460759493670885,41.36582278481012,12.531645569620252,0,Alfa Romeo,95.858,2,0,17
2023,United States Grand Prix,GAS,96.705,100.07344444444445,1.6515222607575666,,,,,,,,35.460759493670885,41.36582278481012,12.531645569620252,0,Alpine,95.089,4,2,17
2023,United States Grand Prix,HAM,96.193,99.97036363636363,2.131896867708534,,,,,,,,35.460759493670885,41.36582278481012,12.531645569620252,0,Mercedes,94.862,5,7,17
2023,United States Grand Prix,HUL,96.702,98.8066,1.2329912002930112,,,,,,,,35.460759493670885,41.36582278481012,12.531645569620252,0,Haas F1 Team,96.235,6,5,17
2023,United States Grand Prix,LEC,96.068,99.0297,1.9122519621291212,,,,,,,,35.460759493670885,41.36582278481012,12.531645569620252,0,Ferrari,94.723,8,4,17
2023,United States Grand Prix,MAG,96.472,99.72762499999999,1.7114727941162287,,,,,,,,35.460759493670885,41.36582278481012,12.531645569620252,0,Haas F1 Team,95.88,9,5,17
2023,United States Grand Prix,NOR,97.256,99.45277777777777,1.7276721895210454,,,,,,,,35.460759493670885,41.36582278481012,12.531645569620252,0,McLaren,94.853,10,6,17
2023,United States Grand Prix,OCO,97.066,100.18969999999999,1.449384394224742,,,,,,,,35.460759493670885,41.36582278481012,12.531645569620252,0,Alpine,95.154,11,2,17
2023,United States Grand Prix,PER,96.212,99.11619999999999,2.2027299425939635,,,,,,,,35.460759493670885,41.36582278481012,12.531645569620252,0,Red Bull Racing,95.173,12,8,17
2023,United States Grand Prix,PIA,98.42,100.5061,1.7245239246431663,,,,,,,,35.460759493670885,41.36582278481012,12.531645569620252,0,McLaren,95.467,13,6,17
2023,United States Grand Prix,RIC,97.152,100.29077777777778,1.9729543695799046,,,,,,,,35.460759493670885,41.36582278481012,12.531645569620252,0,AlphaTauri,95.974,14,1,17
2023,United States Grand Prix,RUS,96.474,99.85261538461538,1.6480397718937458,,,,,,,,35.460759493670885,41.36582278481012,12.531645569620252,0,Mercedes,95.079,15,7,17
2023,United States Grand Prix,SAI,96.533,98.96144444444445,1.6996662989474665,,,,,,,,35.460759493670885,41.36582278481012,12.531645569620252,0,Ferrari,94.945,16,4,17
2023,United States Grand Prix,SAR,96.987,100.18072727272728,1.9367389649051368,,,,,,,,35.460759493670885,41.36582278481012,12.531645569620252,0,Williams,96.827,17,9,17
2023,United States Grand Prix,STR,99.94,99.94,,,,,,,,,35.460759493670885,41.36582278481012,12.531645569620252,0,Aston Martin,96.589,18,3,17
2023,United States Grand Prix,TSU,97.104,100.60876923076923,1.7268171662457559,,,,,,,,35.460759493670885,41.36582278481012,12.531645569620252,0,AlphaTauri,95.697,19,1,17
2023,United States Grand Prix,VER,95.912,98.6712,2.5459966025114773,,,,,,,,35.460759493670885,41.36582278481012,12.531645569620252,0,Red Bull Racing,94.718,20,8,17
2023,United States Grand Prix,ZHO,97.418,100.2065,2.206204627214542,,,,,,,,35.460759493670885,41.36582278481012,12.531645569620252,0,Alfa Romeo,95.698,21,0,17
